Workbook

Sheet 0. لوحة التحكم
A1: 🏦 نظام تحليل العملاء والجدارة الائتمانية وسداد المديونيات | Executive Dashboard
A2: لوحة التحكم التنفيذية | تُحدَّث تلقائياً من جميع الشاشات
A4: إجمالي العملاء Total Clients | C4: عدد المؤهلين (A+B) Qualified | E4: عدد المرفوضين Rejected | G4: عدد الاستثناءات (C) Exceptions | I4: متوسط درجة المخاطرة Avg. Score | K4: إجمالي الفرص التمويلية Total Financing | M4: إجمالي المديونيات Total Debts | O4: متوسط درجة سمة Avg. SIMAH
A6: =COUNTIF('1. بيانات العميل'!C4:C53,"<>") | C6: =COUNTIF('4. محرك المخاطر'!R4:R53,"A")+COUNTIF('4. محرك المخاطر'!R4:R53,"B") | E6: =COUNTIF('4. محرك المخاطر'!R4:R53,"D") | G6: =COUNTIF('4. محرك المخاطر'!R4:R53,"C") | I6: =IFERROR(AVERAGEIF('4. محرك المخاطر'!B4:B53,"<>",'4. محرك المخاطر'!P4:P53),0) | K6: =IFERROR(SUMIF('5. الجدوى التمويلية'!C4:C53,"<>",'5. الجدوى التمويلية'!F4:F53),0) | M6: =IFERROR(SUM('2. الالتزامات'!K4:K53),0) | O6: =IFERROR(AVERAGEIF('1. بيانات العميل'!C4:C53,"<>",'1. بيانات العميل'!M4:M53),0)
A10: 🎯 توزيع التصنيفات الائتمانية | I10: 💰 توزيع الفرص الاستثمارية
A11: التصنيف | B11: العدد | C11: النسبة | D11: المؤشر | I11: نوع الفرصة | J11: العدد | K11: النسبة | L11: المؤشر
A12: 🟢 A - مؤهل | B12: =COUNTIF('4. محرك المخاطر'!R4:R53,"A") | C12: =IFERROR(B12/COUNTIF('1. بيانات العميل'!C4:C53,"<>"),0) | D12: =IFERROR(B12/COUNTIF('1. بيانات العميل'!C4:C53,"<>"),0) | I12: 🟢 فرصة ممتازة | J12: =COUNTIF('5. الجدوى التمويلية'!N4:N53,"🟢 فرصة ممتازة")
A13: 🟡 B - مؤهل بتحفظ | B13: =COUNTIF('4. محرك المخاطر'!R4:R53,"B") | C13: =IFERROR(B13/COUNTIF('1. بيانات العميل'!C4:C53,"<>"),0) | D13: =IFERROR(B13/COUNTIF('1. بيانات العميل'!C4:C53,"<>"),0) | I13: 🟡 فرصة جيدة | J13: =COUNTIF('5. الجدوى التمويلية'!N4:N53,"🟡 فرصة جيدة")
A14: 🟠 C - استثناء | B14: =COUNTIF('4. محرك المخاطر'!R4:R53,"C") | C14: =IFERROR(B14/COUNTIF('1. بيانات العميل'!C4:C53,"<>"),0) | D14: =IFERROR(B14/COUNTIF('1. بيانات العميل'!C4:C53,"<>"),0) | I14: 🟠 فرصة ضعيفة | J14: =COUNTIF('5. الجدوى التمويلية'!N4:N53,"🟠 فرصة ضعيفة")
A15: 🔴 D - مرفوض | B15: =COUNTIF('4. محرك المخاطر'!R4:R53,"D") | C15: =IFERROR(B15/COUNTIF('1. بيانات العميل'!C4:C53,"<>"),0) | D15: =IFERROR(B15/COUNTIF('1. بيانات العميل'!C4:C53,"<>"),0) | I15: 🔴 غير مجدي | J15: =COUNTIF('5. الجدوى التمويلية'!N4:N53,"🔴 غير مجدي اقتصادياً")
A19: 👥 قائمة العملاء والتصنيف النهائي - Client Summary
A20: رقم الملف | B20: اسم العميل | C20: درجة سمة | D20: نسبة الاستقطاع | E20: نقاط التنفيذ | F20: إجمالي النقاط | G20: التصنيف | H20: الحالة النهائية | I20: التمويل المتوقع | J20: الفائض المتوقع | K20: قرار الجدوى | L20: مرحلة Workflow
A21: ='1. بيانات العميل'!A7 | B21: ='1. بيانات العميل'!C7 | C21: ='1. بيانات العميل'!M7 | D21: ='2. الالتزامات'!N7 | E21: ='3. التنفيذات'!K7 | F21: ='4. محرك المخاطر'!P7 | G21: ='4. محرك المخاطر'!R7 | H21: ='4. محرك المخاطر'!S7 | I21: ='5. الجدوى التمويلية'!F7 | J21: ='5. الجدوى التمويلية'!M7 | K21: ='5. الجدوى التمويلية'!N7 | L21: ='1. بيانات العميل'!R7
A22: ='1. بيانات العميل'!A8 | B22: ='1. بيانات العميل'!C8 | C22: ='1. بيانات العميل'!M8 | D22: ='2. الالتزامات'!N8 | E22: ='3. التنفيذات'!K8 | F22: ='4. محرك المخاطر'!P8 | G22: ='4. محرك المخاطر'!R8 | H22: ='4. محرك المخاطر'!S8 | I22: ='5. الجدوى التمويلية'!F8 | J22: ='5. الجدوى التمويلية'!M8 | K22: ='5. الجدوى التمويلية'!N8 | L22: ='1. بيانات العميل'!R8
A23: ='1. بيانات العميل'!A9 | B23: ='1. بيانات العميل'!C9 | C23: ='1. بيانات العميل'!M9 | D23: ='2. الالتزامات'!N9 | E23: ='3. التنفيذات'!K9 | F23: ='4. محرك المخاطر'!P9 | G23: ='4. محرك المخاطر'!R9 | H23: ='4. محرك المخاطر'!S9 | I23: ='5. الجدوى التمويلية'!F9 | J23: ='5. الجدوى التمويلية'!M9 | K23: ='5. الجدوى التمويلية'!N9 | L23: ='1. بيانات العميل'!R9
A24: ='1. بيانات العميل'!A10 | B24: ='1. بيانات العميل'!C10 | C24: ='1. بيانات العميل'!M10 | D24: ='2. الالتزامات'!N10 | E24: ='3. التنفيذات'!K10 | F24: ='4. محرك المخاطر'!P10 | G24: ='4. محرك المخاطر'!R10 | H24: ='4. محرك المخاطر'!S10 | I24: ='5. الجدوى التمويلية'!F10 | J24: ='5. الجدوى التمويلية'!M10 | K24: ='5. الجدوى التمويلية'!N10 | L24: ='1. بيانات العميل'!R10
A25: ='1. بيانات العميل'!A11 | B25: ='1. بيانات العميل'!C11 | C25: ='1. بيانات العميل'!M11 | D25: ='2. الالتزامات'!N11 | E25: ='3. التنفيذات'!K11 | F25: ='4. محرك المخاطر'!P11 | G25: ='4. محرك المخاطر'!R11 | H25: ='4. محرك المخاطر'!S11 | I25: ='5. الجدوى التمويلية'!F11 | J25: ='5. الجدوى التمويلية'!M11 | K25: ='5. الجدوى التمويلية'!N11 | L25: ='1. بيانات العميل'!R11
A26: ='1. بيانات العميل'!A12 | B26: ='1. بيانات العميل'!C12 | C26: ='1. بيانات العميل'!M12 | D26: ='2. الالتزامات'!N12 | E26: ='3. التنفيذات'!K12 | F26: ='4. محرك المخاطر'!P12 | G26: ='4. محرك المخاطر'!R12 | H26: ='4. محرك المخاطر'!S12 | I26: ='5. الجدوى التمويلية'!F12 | J26: ='5. الجدوى التمويلية'!M12 | K26: ='5. الجدوى التمويلية'!N12 | L26: ='1. بيانات العميل'!R12
A27: ='1. بيانات العميل'!A13 | B27: ='1. بيانات العميل'!C13 | C27: ='1. بيانات العميل'!M13 | D27: ='2. الالتزامات'!N13 | E27: ='3. التنفيذات'!K13 | F27: ='4. محرك المخاطر'!P13 | G27: ='4. محرك المخاطر'!R13 | H27: ='4. محرك المخاطر'!S13 | I27: ='5. الجدوى التمويلية'!F13 | J27: ='5. الجدوى التمويلية'!M13 | K27: ='5. الجدوى التمويلية'!N13 | L27: ='1. بيانات العميل'!R13
A28: ='1. بيانات العميل'!A14 | B28: ='1. بيانات العميل'!C14 | C28: ='1. بيانات العميل'!M14 | D28: ='2. الالتزامات'!N14 | E28: ='3. التنفيذات'!K14 | F28: ='4. محرك المخاطر'!P14 | G28: ='4. محرك المخاطر'!R14 | H28: ='4. محرك المخاطر'!S14 | I28: ='5. الجدوى التمويلية'!F14 | J28: ='5. الجدوى التمويلية'!M14 | K28: ='5. الجدوى التمويلية'!N14 | L28: ='1. بيانات العميل'!R14
A29: ='1. بيانات العميل'!A15 | B29: ='1. بيانات العميل'!C15 | C29: ='1. بيانات العميل'!M15 | D29: ='2. الالتزامات'!N15 | E29: ='3. التنفيذات'!K15 | F29: ='4. محرك المخاطر'!P15 | G29: ='4. محرك المخاطر'!R15 | H29: ='4. محرك المخاطر'!S15 | I29: ='5. الجدوى التمويلية'!F15 | J29: ='5. الجدوى التمويلية'!M15 | K29: ='5. الجدوى التمويلية'!N15 | L29: ='1. بيانات العميل'!R15
A30: ='1. بيانات العميل'!A16 | B30: ='1. بيانات العميل'!C16 | C30: ='1. بيانات العميل'!M16 | D30: ='2. الالتزامات'!N16 | E30: ='3. التنفيذات'!K16 | F30: ='4. محرك المخاطر'!P16 | G30: ='4. محرك المخاطر'!R16 | H30: ='4. محرك المخاطر'!S16 | I30: ='5. الجدوى التمويلية'!F16 | J30: ='5. الجدوى التمويلية'!M16 | K30: ='5. الجدوى التمويلية'!N16 | L30: ='1. بيانات العميل'!R16
A31: ='1. بيانات العميل'!A17 | B31: ='1. بيانات العميل'!C17 | C31: ='1. بيانات العميل'!M17 | D31: ='2. الالتزامات'!N17 | E31: ='3. التنفيذات'!K17 | F31: ='4. محرك المخاطر'!P17 | G31: ='4. محرك المخاطر'!R17 | H31: ='4. محرك المخاطر'!S17 | I31: ='5. الجدوى التمويلية'!F17 | J31: ='5. الجدوى التمويلية'!M17 | K31: ='5. الجدوى التمويلية'!N17 | L31: ='1. بيانات العميل'!R17
A32: ='1. بيانات العميل'!A18 | B32: ='1. بيانات العميل'!C18 | C32: ='1. بيانات العميل'!M18 | D32: ='2. الالتزامات'!N18 | E32: ='3. التنفيذات'!K18 | F32: ='4. محرك المخاطر'!P18 | G32: ='4. محرك المخاطر'!R18 | H32: ='4. محرك المخاطر'!S18 | I32: ='5. الجدوى التمويلية'!F18 | J32: ='5. الجدوى التمويلية'!M18 | K32: ='5. الجدوى التمويلية'!N18 | L32: ='1. بيانات العميل'!R18
... A70: ='1. بيانات العميل'!A56 | B70: ='1. بيانات العميل'!C56 | C70: ='1. بيانات العميل'!M56 | D70: ='2. الالتزامات'!N56 | E70: ='3. التنفيذات'!K56 | F70: ='4. محرك المخاطر'!P56 | G70: ='4. محرك المخاطر'!R56 | H70: ='4. محرك المخاطر'!S56 | I70: ='5. الجدوى التمويلية'!F56 | J70: ='5. الجدوى التمويلية'!M56 | K70: ='5. الجدوى التمويلية'!N56 | L70: ='1. بيانات العميل'!R56

Sheet 1. بيانات العميل
A1: 🏦 نظام تحليل العملاء والجدارة الائتمانية | Credit Risk & Client Analysis System
A2: 📋 بيانات العميل - Client Data Entry | رقم الملف يولد تلقائياً
A3: رقم الملف File No. | B3: تاريخ الإدخال Date | C3: اسم العميل Name | D3: رقم الهوية ID | E3: رقم الجوال Mobile | F3: العمر Age | G3: جهة العمل Employer | H3: نوع جهة العمل Emp. Type | I3: الراتب الأساسي Basic Sal. | J3: إجمالي الراتب Gross Sal. | K3: صافي الراتب Net Sal. | L3: مدة الخدمة(شهر) Svc. Months | M3: درجة سمة SIMAH | N3: عدد الاستعلامات 90 Days Inq. | O3: تعثر قائم؟ Default? | P3: إيقاف خدمات؟ Blacklist? | Q3: حجز راتب؟ Sal. Attach? | R3: مرحلة الملف Workflow
A4: =IF(C4<>"","ملف-"&TEXT(ROW()-3,"000"),"") | B4: =IF(C4<>"",TODAY(),"") | C4: محمد عبد الرحمن العتيبي | D4: 1023456789 | E4: 0501234567 | F4: 38 | G4: وزارة التعليم | H4: حكومي | I4: 12000 | J4: 15000 | K4: 14200 | L4: 72 | M4: 780 | N4: 2 | O4: لا | P4: لا | Q4: لا | R4: =IF(C4<>"","جديد","")
A5: =IF(C5<>"","ملف-"&TEXT(ROW()-3,"000"),"") | B5: =IF(C5<>"",TODAY(),"") | C5: خالد عبد الله الحربي | D5: 1045678901 | E5: 0555678901 | F5: 42 | G5: الشركة السعودية للكهرباء | H5: شبه حكومي | I5: 10000 | J5: 12000 | K5: 11500 | L5: 96 | M5: 680 | N5: 4 | O5: لا | P5: لا | Q5: لا | R5: =IF(C5<>"","جديد","")
A6: =IF(C6<>"","ملف-"&TEXT(ROW()-3,"000"),"") | B6: =IF(C6<>"",TODAY(),"") | C6: سارة أحمد الشمري | D6: 1067890123 | E6: 0533456789 | F6: 31 | G6: شركة سابك | H6: خاص كبير | I6: 18000 | J6: 22000 | K6: 20500 | L6: 36 | M6: 610 | N6: 5 | O6: لا | P6: لا | Q6: لا | R6: =IF(C6<>"","جديد","")
A7: =IF(C7<>"","ملف-"&TEXT(ROW()-3,"000"),"") | B7: =IF(C7<>"",TODAY(),"") | C7: فيصل عمر المطيري | D7: 1089012345 | E7: 0544567890 | F7: 45 | G7: مؤسسة مقاولات صغيرة | H7: خاص صغير | I7: 6000 | J7: 8000 | K7: 7500 | L7: 18 | M7: 520 | N7: 7 | O7: لا | P7: لا | Q7: لا | R7: =IF(C7<>"","جديد","")
A8: =IF(C8<>"","ملف-"&TEXT(ROW()-3,"000"),"") | B8: =IF(C8<>"",TODAY(),"") | C8: عبد الرحمن فهد القحطاني | D8: 1090123456 | E8: 0566789012 | F8: 35 | G8: شركة النقل البري | H8: خاص كبير | I8: 9000 | J8: 11000 | K8: 10200 | L8: 24 | M8: 640 | N8: 3 | O8: لا | P8: نعم | Q8: لا | R8: =IF(C8<>"","جديد","")
A9: =IF(C9<>"","ملف-"&TEXT(ROW()-3,"000"),"") | B9: =IF(C9<>"",TODAY(),"") | R9: =IF(C9<>"","جديد","")
A10: =IF(C10<>"","ملف-"&TEXT(ROW()-3,"000"),"") | B10: =IF(C10<>"",TODAY(),"") | R10: =IF(C10<>"","جديد","")
A11: =IF(C11<>"","ملف-"&TEXT(ROW()-3,"000"),"") | B11: =IF(C11<>"",TODAY(),"") | R11: =IF(C11<>"","جديد","")
A12: =IF(C12<>"","ملف-"&TEXT(ROW()-3,"000"),"") | B12: =IF(C12<>"",TODAY(),"") | R12: =IF(C12<>"","جديد","")
A13: =IF(C13<>"","ملف-"&TEXT(ROW()-3,"000"),"") | B13: =IF(C13<>"",TODAY(),"") | R13: =IF(C13<>"","جديد","")
A14: =IF(C14<>"","ملف-"&TEXT(ROW()-3,"000"),"") | B14: =IF(C14<>"",TODAY(),"") | R14: =IF(C14<>"","جديد","")
A15: =IF(C15<>"","ملف-"&TEXT(ROW()-3,"000"),"") | B15: =IF(C15<>"",TODAY(),"") | R15: =IF(C15<>"","جديد","")
A16: =IF(C16<>"","ملف-"&TEXT(ROW()-3,"000"),"") | B16: =IF(C16<>"",TODAY(),"") | R16: =IF(C16<>"","جديد","")
A17: =IF(C17<>"","ملف-"&TEXT(ROW()-3,"000"),"") | B17: =IF(C17<>"",TODAY(),"") | R17: =IF(C17<>"","جديد","")
A18: =IF(C18<>"","ملف-"&TEXT(ROW()-3,"000"),"") | B18: =IF(C18<>"",TODAY(),"") | R18: =IF(C18<>"","جديد","")
A19: =IF(C19<>"","ملف-"&TEXT(ROW()-3,"000"),"") | B19: =IF(C19<>"",TODAY(),"") | R19: =IF(C19<>"","جديد","")
A20: =IF(C20<>"","ملف-"&TEXT(ROW()-3,"000"),"") | B20: =IF(C20<>"",TODAY(),"") | R20: =IF(C20<>"","جديد","")
... A53: =IF(C53<>"","ملف-"&TEXT(ROW()-3,"000"),"") | B53: =IF(C53<>"",TODAY(),"") | R53: =IF(C53<>"","جديد","")
A54: 🟨 الخلايا الصفراء = حقول إدخال | 🔒 الخلايا الرمادية = محسوبة تلقائياً | ⭐ الحقول 15-17 تؤثر على سياسة الرفض المباشر

Sheet 2. الالتزامات
A1: 💳 شاشة الالتزامات القائمة - Existing Liabilities
A2: ⚠️ أدخل البيانات في الخلايا الصفراء | الخلايا الزرقاء محسوبة تلقائياً من شاشة بيانات العميل
A3: رقم الملف | B3: اسم العميل | C3: ع. القروض الشخصية | D3: إجمالي القروض الشخصية | E3: ع. التمويلات العقارية | F3: إجمالي التمويل العقاري | G3: ع. البطاقات الائتمانية | H3: إجمالي البطاقات | I3: ع. شركات التمويل | J3: إجمالي شركات التمويل | K3: إجمالي الالتزامات | L3: إجمالي الأقساط الشهرية | M3: صافي الراتب (مرتبط) | N3: نسبة الاستقطاع % DTI
A4: ='1. بيانات العميل'!A4 | B4: ='1. بيانات العميل'!C4 | C4: 1 | D4: 80000 | E4: 0 | F4: 0 | G4: 1 | H4: 20000 | I4: 0 | J4: 0 | K4: =IFERROR(D4+F4+H4+J4,0) | L4: 3550 | M4: ='1. بيانات العميل'!K4 | N4: =IFERROR(IF(M4>0,L4/M4,0),0)
A5: ='1. بيانات العميل'!A5 | B5: ='1. بيانات العميل'!C5 | C5: 2 | D5: 100000 | E5: 0 | F5: 0 | G5: 2 | H5: 20000 | I5: 0 | J5: 0 | K5: =IFERROR(D5+F5+H5+J5,0) | L5: 5175 | M5: ='1. بيانات العميل'!K5 | N5: =IFERROR(IF(M5>0,L5/M5,0),0)
A6: ='1. بيانات العميل'!A6 | B6: ='1. بيانات العميل'!C6 | C6: 1 | D6: 90000 | E6: 0 | F6: 0 | G6: 1 | H6: 20000 | I6: 0 | J6: 0 | K6: =IFERROR(D6+F6+H6+J6,0) | L6: 10660 | M6: ='1. بيانات العميل'!K6 | N6: =IFERROR(IF(M6>0,L6/M6,0),0)
A7: ='1. بيانات العميل'!A7 | B7: ='1. بيانات العميل'!C7 | C7: 1 | D7: 20000 | E7: 0 | F7: 0 | G7: 1 | H7: 120000 | I7: 0 | J7: 0 | K7: =IFERROR(D7+F7+H7+J7,0) | L7: 4875 | M7: ='1. بيانات العميل'!K7 | N7: =IFERROR(IF(M7>0,L7/M7,0),0)
A8: ='1. بيانات العميل'!A8 | B8: ='1. بيانات العميل'!C8 | C8: 1 | D8: 50000 | E8: 0 | F8: 0 | G8: 0 | H8: 0 | I8: 1 | J8: 30000 | K8: =IFERROR(D8+F8+H8+J8,0) | L8: 3570 | M8: ='1. بيانات العميل'!K8 | N8: =IFERROR(IF(M8>0,L8/M8,0),0)
A9: ='1. بيانات العميل'!A9 | B9: ='1. بيانات العميل'!C9 | K9: =IFERROR(D9+F9+H9+J9,0) | M9: ='1. بيانات العميل'!K9 | N9: =IFERROR(IF(M9>0,L9/M9,0),0)
A10: ='1. بيانات العميل'!A10 | B10: ='1. بيانات العميل'!C10 | K10: =IFERROR(D10+F10+H10+J10,0) | M10: ='1. بيانات العميل'!K10 | N10: =IFERROR(IF(M10>0,L10/M10,0),0)
A11: ='1. بيانات العميل'!A11 | B11: ='1. بيانات العميل'!C11 | K11: =IFERROR(D11+F11+H11+J11,0) | M11: ='1. بيانات العميل'!K11 | N11: =IFERROR(IF(M11>0,L11/M11,0),0)
A12: ='1. بيانات العميل'!A12 | B12: ='1. بيانات العميل'!C12 | K12: =IFERROR(D12+F12+H12+J12,0) | M12: ='1. بيانات العميل'!K12 | N12: =IFERROR(IF(M12>0,L12/M12,0),0)
A13: ='1. بيانات العميل'!A13 | B13: ='1. بيانات العميل'!C13 | K13: =IFERROR(D13+F13+H13+J13,0) | M13: ='1. بيانات العميل'!K13 | N13: =IFERROR(IF(M13>0,L13/M13,0),0)
A14: ='1. بيانات العميل'!A14 | B14: ='1. بيانات العميل'!C14 | K14: =IFERROR(D14+F14+H14+J14,0) | M14: ='1. بيانات العميل'!K14 | N14: =IFERROR(IF(M14>0,L14/M14,0),0)
A15: ='1. بيانات العميل'!A15 | B15: ='1. بيانات العميل'!C15 | K15: =IFERROR(D15+F15+H15+J15,0) | M15: ='1. بيانات العميل'!K15 | N15: =IFERROR(IF(M15>0,L15/M15,0),0)
A16: ='1. بيانات العميل'!A16 | B16: ='1. بيانات العميل'!C16 | K16: =IFERROR(D16+F16+H16+J16,0) | M16: ='1. بيانات العميل'!K16 | N16: =IFERROR(IF(M16>0,L16/M16,0),0)
A17: ='1. بيانات العميل'!A17 | B17: ='1. بيانات العميل'!C17 | K17: =IFERROR(D17+F17+H17+J17,0) | M17: ='1. بيانات العميل'!K17 | N17: =IFERROR(IF(M17>0,L17/M17,0),0)
A18: ='1. بيانات العميل'!A18 | B18: ='1. بيانات العميل'!C18 | K18: =IFERROR(D18+F18+H18+J18,0) | M18: ='1. بيانات العميل'!K18 | N18: =IFERROR(IF(M18>0,L18/M18,0),0)
A19: ='1. بيانات العميل'!A19 | B19: ='1. بيانات العميل'!C19 | K19: =IFERROR(D19+F19+H19+J19,0) | M19: ='1. بيانات العميل'!K19 | N19: =IFERROR(IF(M19>0,L19/M19,0),0)
A20: ='1. بيانات العميل'!A20 | B20: ='1. بيانات العميل'!C20 | K20: =IFERROR(D20+F20+H20+J20,0) | M20: ='1. بيانات العميل'!K20 | N20: =IFERROR(IF(M20>0,L20/M20,0),0)
... A53: ='1. بيانات العميل'!A53 | B53: ='1. بيانات العميل'!C53 | K53: =IFERROR(D53+F53+H53+J53,0) | M53: ='1. بيانات العميل'!K53 | N53: =IFERROR(IF(M53>0,L53/M53,0),0)

Sheet 3. التنفيذات
A1: ⚖️ شاشة التنفيذات القضائية - Execution Cases Analysis
A3: رقم الملف | B3: اسم العميل | C3: عدد طلبات التنفيذ | D3: إجمالي مبالغ التنفيذات | E3: ع. تنفيذات الأفراد | F3: إجمالي تنفيذات الأفراد | G3: ع. تنفيذات شركات التمويل | H3: إجمالي تنفيذات شركات التمويل | I3: ع. تنفيذات البنوك | J3: إجمالي تنفيذات البنوك | K3: إجمالي عدد التنفيذات | L3: إجمالي مبلغ التنفيذات | M3: مستوى المخاطر Risk Level
A4: ='1. بيانات العميل'!A4 | B4: ='1. بيانات العميل'!C4 | C4: 0 | D4: 0 | E4: 0 | F4: 0 | G4: 0 | H4: 0 | I4: 0 | J4: 0 | K4: =IFERROR(C4+E4+G4+I4,0) | L4: =IFERROR(D4+F4+H4+J4,0) | M4: =IF(K4=0,"لا توجد تنفيذات 🟢",IF(OR(K4>8,L4>100000,G4>3),"مرفوض مباشر 🔴",IF(OR(K4>5,L4>50000),"مخاطر عالية 🟠",IF(OR(K4>3,L4>25000),"مخاطر متوسطة 🟡","مخاطر منخفضة 🟢"))))
A5: ='1. بيانات العميل'!A5 | B5: ='1. بيانات العميل'!C5 | C5: 2 | D5: 15000 | E5: 2 | F5: 15000 | G5: 0 | H5: 0 | I5: 0 | J5: 0 | K5: =IFERROR(C5+E5+G5+I5,0) | L5: =IFERROR(D5+F5+H5+J5,0) | M5: =IF(K5=0,"لا توجد تنفيذات 🟢",IF(OR(K5>8,L5>100000,G5>3),"مرفوض مباشر 🔴",IF(OR(K5>5,L5>50000),"مخاطر عالية 🟠",IF(OR(K5>3,L5>25000),"مخاطر متوسطة 🟡","مخاطر منخفضة 🟢"))))
A6: ='1. بيانات العميل'!A6 | B6: ='1. بيانات العميل'!C6 | C6: 4 | D6: 40000 | E6: 3 | F6: 30000 | G6: 1 | H6: 10000 | I6: 0 | J6: 0 | K6: =IFERROR(C6+E6+G6+I6,0) | L6: =IFERROR(D6+F6+H6+J6,0) | M6: =IF(K6=0,"لا توجد تنفيذات 🟢",IF(OR(K6>8,L6>100000,G6>3),"مرفوض مباشر 🔴",IF(OR(K6>5,L6>50000),"مخاطر عالية 🟠",IF(OR(K6>3,L6>25000),"مخاطر متوسطة 🟡","مخاطر منخفضة 🟢"))))
A7: ='1. بيانات العميل'!A7 | B7: ='1. بيانات العميل'!C7 | C7: 9 | D7: 120000 | E7: 4 | F7: 40000 | G7: 4 | H7: 50000 | I7: 1 | J7: 30000 | K7: =IFERROR(C7+E7+G7+I7,0) | L7: =IFERROR(D7+F7+H7+J7,0) | M7: =IF(K7=0,"لا توجد تنفيذات 🟢",IF(OR(K7>8,L7>100000,G7>3),"مرفوض مباشر 🔴",IF(OR(K7>5,L7>50000),"مخاطر عالية 🟠",IF(OR(K7>3,L7>25000),"مخاطر متوسطة 🟡","مخاطر منخفضة 🟢"))))
A8: ='1. بيانات العميل'!A8 | B8: ='1. بيانات العميل'!C8 | C8: 1 | D8: 8000 | E8: 0 | F8: 0 | G8: 1 | H8: 8000 | I8: 0 | J8: 0 | K8: =IFERROR(C8+E8+G8+I8,0) | L8: =IFERROR(D8+F8+H8+J8,0) | M8: =IF(K8=0,"لا توجد تنفيذات 🟢",IF(OR(K8>8,L8>100000,G8>3),"مرفوض مباشر 🔴",IF(OR(K8>5,L8>50000),"مخاطر عالية 🟠",IF(OR(K8>3,L8>25000),"مخاطر متوسطة 🟡","مخاطر منخفضة 🟢"))))
A9: ='1. بيانات العميل'!A9 | B9: ='1. بيانات العميل'!C9 | K9: =IFERROR(C9+E9+G9+I9,0) | L9: =IFERROR(D9+F9+H9+J9,0) | M9: =IF(K9=0,"لا توجد تنفيذات 🟢",IF(OR(K9>8,L9>100000,G9>3),"مرفوض مباشر 🔴",IF(OR(K9>5,L9>50000),"مخاطر عالية 🟠",IF(OR(K9>3,L9>25000),"مخاطر متوسطة 🟡","مخاطر منخفضة 🟢"))))
A10: ='1. بيانات العميل'!A10 | B10: ='1. بيانات العميل'!C10 | K10: =IFERROR(C10+E10+G10+I10,0) | L10: =IFERROR(D10+F10+H10+J10,0) | M10: =IF(K10=0,"لا توجد تنفيذات 🟢",IF(OR(K10>8,L10>100000,G10>3),"مرفوض مباشر 🔴",IF(OR(K10>5,L10>50000),"مخاطر عالية 🟠",IF(OR(K10>3,L10>25000),"مخاطر متوسطة 🟡","مخاطر منخفضة 🟢"))))
A11: ='1. بيانات العميل'!A11 | B11: ='1. بيانات العميل'!C11 | K11: =IFERROR(C11+E11+G11+I11,0) | L11: =IFERROR(D11+F11+H11+J11,0) | M11: =IF(K11=0,"لا توجد تنفيذات 🟢",IF(OR(K11>8,L11>100000,G11>3),"مرفوض مباشر 🔴",IF(OR(K11>5,L11>50000),"مخاطر عالية 🟠",IF(OR(K11>3,L11>25000),"مخاطر متوسطة 🟡","مخاطر منخفضة 🟢"))))
A12: ='1. بيانات العميل'!A12 | B12: ='1. بيانات العميل'!C12 | K12: =IFERROR(C12+E12+G12+I12,0) | L12: =IFERROR(D12+F12+H12+J12,0) | M12: =IF(K12=0,"لا توجد تنفيذات 🟢",IF(OR(K12>8,L12>100000,G12>3),"مرفوض مباشر 🔴",IF(OR(K12>5,L12>50000),"مخاطر عالية 🟠",IF(OR(K12>3,L12>25000),"مخاطر متوسطة 🟡","مخاطر منخفضة 🟢"))))
A13: ='1. بيانات العميل'!A13 | B13: ='1. بيانات العميل'!C13 | K13: =IFERROR(C13+E13+G13+I13,0) | L13: =IFERROR(D13+F13+H13+J13,0) | M13: =IF(K13=0,"لا توجد تنفيذات 🟢",IF(OR(K13>8,L13>100000,G13>3),"مرفوض مباشر 🔴",IF(OR(K13>5,L13>50000),"مخاطر عالية 🟠",IF(OR(K13>3,L13>25000),"مخاطر متوسطة 🟡","مخاطر منخفضة 🟢"))))
A14: ='1. بيانات العميل'!A14 | B14: ='1. بيانات العميل'!C14 | K14: =IFERROR(C14+E14+G14+I14,0) | L14: =IFERROR(D14+F14+H14+J14,0) | M14: =IF(K14=0,"لا توجد تنفيذات 🟢",IF(OR(K14>8,L14>100000,G14>3),"مرفوض مباشر 🔴",IF(OR(K14>5,L14>50000),"مخاطر عالية 🟠",IF(OR(K14>3,L14>25000),"مخاطر متوسطة 🟡","مخاطر منخفضة 🟢"))))
A15: ='1. بيانات العميل'!A15 | B15: ='1. بيانات العميل'!C15 | K15: =IFERROR(C15+E15+G15+I15,0) | L15: =IFERROR(D15+F15+H15+J15,0) | M15: =IF(K15=0,"لا توجد تنفيذات 🟢",IF(OR(K15>8,L15>100000,G15>3),"مرفوض مباشر 🔴",IF(OR(K15>5,L15>50000),"مخاطر عالية 🟠",IF(OR(K15>3,L15>25000),"مخاطر متوسطة 🟡","مخاطر منخفضة 🟢"))))
A16: ='1. بيانات العميل'!A16 | B16: ='1. بيانات العميل'!C16 | K16: =IFERROR(C16+E16+G16+I16,0) | L16: =IFERROR(D16+F16+H16+J16,0) | M16: =IF(K16=0,"لا توجد تنفيذات 🟢",IF(OR(K16>8,L16>100000,G16>3),"مرفوض مباشر 🔴",IF(OR(K16>5,L16>50000),"مخاطر عالية 🟠",IF(OR(K16>3,L16>25000),"مخاطر متوسطة 🟡","مخاطر منخفضة 🟢"))))
A17: ='1. بيانات العميل'!A17 | B17: ='1. بيانات العميل'!C17 | K17: =IFERROR(C17+E17+G17+I17,0) | L17: =IFERROR(D17+F17+H17+J17,0) | M17: =IF(K17=0,"لا توجد تنفيذات 🟢",IF(OR(K17>8,L17>100000,G17>3),"مرفوض مباشر 🔴",IF(OR(K17>5,L17>50000),"مخاطر عالية 🟠",IF(OR(K17>3,L17>25000),"مخاطر متوسطة 🟡","مخاطر منخفضة 🟢"))))
A18: ='1. بيانات العميل'!A18 | B18: ='1. بيانات العميل'!C18 | K18: =IFERROR(C18+E18+G18+I18,0) | L18: =IFERROR(D18+F18+H18+J18,0) | M18: =IF(K18=0,"لا توجد تنفيذات 🟢",IF(OR(K18>8,L18>100000,G18>3),"مرفوض مباشر 🔴",IF(OR(K18>5,L18>50000),"مخاطر عالية 🟠",IF(OR(K18>3,L18>25000),"مخاطر متوسطة 🟡","مخاطر منخفضة 🟢"))))
A19: ='1. بيانات العميل'!A19 | B19: ='1. بيانات العميل'!C19 | K19: =IFERROR(C19+E19+G19+I19,0) | L19: =IFERROR(D19+F19+H19+J19,0) | M19: =IF(K19=0,"لا توجد تنفيذات 🟢",IF(OR(K19>8,L19>100000,G19>3),"مرفوض مباشر 🔴",IF(OR(K19>5,L19>50000),"مخاطر عالية 🟠",IF(OR(K19>3,L19>25000),"مخاطر متوسطة 🟡","مخاطر منخفضة 🟢"))))
A20: ='1. بيانات العميل'!A20 | B20: ='1. بيانات العميل'!C20 | K20: =IFERROR(C20+E20+G20+I20,0) | L20: =IFERROR(D20+F20+H20+J20,0) | M20: =IF(K20=0,"لا توجد تنفيذات 🟢",IF(OR(K20>8,L20>100000,G20>3),"مرفوض مباشر 🔴",IF(OR(K20>5,L20>50000),"مخاطر عالية 🟠",IF(OR(K20>3,L20>25000),"مخاطر متوسطة 🟡","مخاطر منخفضة 🟢"))))
... A53: ='1. بيانات العميل'!A53 | B53: ='1. بيانات العميل'!C53 | K53: =IFERROR(C53+E53+G53+I53,0) | L53: =IFERROR(D53+F53+H53+J53,0) | M53: =IF(K53=0,"لا توجد تنفيذات 🟢",IF(OR(K53>8,L53>100000,G53>3),"مرفوض مباشر 🔴",IF(OR(K53>5,L53>50000),"مخاطر عالية 🟠",IF(OR(K53>3,L53>25000),"مخاطر متوسطة 🟡","مخاطر منخفضة 🟢"))))

Sheet 4. محرك المخاطر
A1: 🔬 محرك المخاطر والتقييم الائتماني - Risk Engine & Credit Scoring
A2: ⚡ النقاط الكاملة = 105 | سياسة الرفض المباشر: تعثر / إيقاف خدمات / حجز راتب / أكثر من 8 تنفيذات / سمة < 550 / استقطاع > 70%
A3: رقم الملف | B3: اسم العميل | C3: درجة سمة | D3: نقاط سمة (25) | E3: نسبة الاستقطاع | F3: نقاط استقطاع (25) | G3: تعثر قائم | H3: إيقاف خدمات | I3: حجز راتب | J3: نقاط التعثرات(20) | K3: ع. التنفيذات | L3: مبلغ التنفيذات | M3: نقاط تنفيذات(20) | N3: نوع جهة العمل | O3: نقاط جهة العمل(15) | P3: إجمالي النقاط/105 | Q3: النسبة % | R3: التصنيف | S3: الحالة النهائية
A4: ='1. بيانات العميل'!A4 | B4: ='1. بيانات العميل'!C4 | C4: ='1. بيانات العميل'!M4 | D4: =IF(C4="","",IF(C4>=750,25,IF(C4>=700,20,IF(C4>=650,15,IF(C4>=600,10,IF(C4>=550,5,0)))))) | E4: ='2. الالتزامات'!N4 | F4: =IF(E4="","",IF(E4<=0.3,25,IF(E4<=0.4,20,IF(E4<=0.5,15,IF(E4<=0.6,10,IF(E4<=0.7,5,0)))))) | G4: ='1. بيانات العميل'!O4 | H4: ='1. بيانات العميل'!P4 | I4: ='1. بيانات العميل'!Q4 | J4: =IF(OR(G4="نعم",H4="نعم",I4="نعم"),0,20) | K4: ='3. التنفيذات'!K4 | L4: ='3. التنفيذات'!L4 | M4: =IF(K4=0,20,IF(OR(K4>8,L4>100000),0,IF(OR(K4>5,L4>50000),5,IF(OR(K4>3,L4>25000),10,15)))) | N4: ='1. بيانات العميل'!H4 | O4: =IF(N4="حكومي",15,IF(N4="شبه حكومي",10,IF(N4="خاص كبير",8,IF(N4="متقاعد",5,5)))) | P4: =IFERROR(D4+F4+J4+M4+O4,0) | Q4: =IFERROR(P4/105,0) | R4: =IF(P4="","",IF(P4>=85,"A",IF(P4>=70,"B",IF(P4>=55,"C","D")))) | S4: =IF(B4="","",IF(OR(G4="نعم",H4="نعم",I4="نعم",K4>8,L4>100000,'3. التنفيذات'!G4>3,C4<550,E4>0.7),"🔴 مرفوض - سياسة مباشرة",IF(R4="A","🟢 مؤهل",IF(R4="B","🟡 مؤهل بتحفظ",IF(R4="C","🟠 يحتاج استثناء","🔴 مرفوض")))))
A5: ='1. بيانات العميل'!A5 | B5: ='1. بيانات العميل'!C5 | C5: ='1. بيانات العميل'!M5 | D5: =IF(C5="","",IF(C5>=750,25,IF(C5>=700,20,IF(C5>=650,15,IF(C5>=600,10,IF(C5>=550,5,0)))))) | E5: ='2. الالتزامات'!N5 | F5: =IF(E5="","",IF(E5<=0.3,25,IF(E5<=0.4,20,IF(E5<=0.5,15,IF(E5<=0.6,10,IF(E5<=0.7,5,0)))))) | G5: ='1. بيانات العميل'!O5 | H5: ='1. بيانات العميل'!P5 | I5: ='1. بيانات العميل'!Q5 | J5: =IF(OR(G5="نعم",H5="نعم",I5="نعم"),0,20) | K5: ='3. التنفيذات'!K5 | L5: ='3. التنفيذات'!L5 | M5: =IF(K5=0,20,IF(OR(K5>8,L5>100000),0,IF(OR(K5>5,L5>50000),5,IF(OR(K5>3,L5>25000),10,15)))) | N5: ='1. بيانات العميل'!H5 | O5: =IF(N5="حكومي",15,IF(N5="شبه حكومي",10,IF(N5="خاص كبير",8,IF(N5="متقاعد",5,5)))) | P5: =IFERROR(D5+F5+J5+M5+O5,0) | Q5: =IFERROR(P5/105,0) | R5: =IF(P5="","",IF(P5>=85,"A",IF(P5>=70,"B",IF(P5>=55,"C","D")))) | S5: =IF(B5="","",IF(OR(G5="نعم",H5="نعم",I5="نعم",K5>8,L5>100000,'3. التنفيذات'!G5>3,C5<550,E5>0.7),"🔴 مرفوض - سياسة مباشرة",IF(R5="A","🟢 مؤهل",IF(R5="B","🟡 مؤهل بتحفظ",IF(R5="C","🟠 يحتاج استثناء","🔴 مرفوض")))))
A6: ='1. بيانات العميل'!A6 | B6: ='1. بيانات العميل'!C6 | C6: ='1. بيانات العميل'!M6 | D6: =IF(C6="","",IF(C6>=750,25,IF(C6>=700,20,IF(C6>=650,15,IF(C6>=600,10,IF(C6>=550,5,0)))))) | E6: ='2. الالتزامات'!N6 | F6: =IF(E6="","",IF(E6<=0.3,25,IF(E6<=0.4,20,IF(E6<=0.5,15,IF(E6<=0.6,10,IF(E6<=0.7,5,0)))))) | G6: ='1. بيانات العميل'!O6 | H6: ='1. بيانات العميل'!P6 | I6: ='1. بيانات العميل'!Q6 | J6: =IF(OR(G6="نعم",H6="نعم",I6="نعم"),0,20) | K6: ='3. التنفيذات'!K6 | L6: ='3. التنفيذات'!L6 | M6: =IF(K6=0,20,IF(OR(K6>8,L6>100000),0,IF(OR(K6>5,L6>50000),5,IF(OR(K6>3,L6>25000),10,15)))) | N6: ='1. بيانات العميل'!H6 | O6: =IF(N6="حكومي",15,IF(N6="شبه حكومي",10,IF(N6="خاص كبير",8,IF(N6="متقاعد",5,5)))) | P6: =IFERROR(D6+F6+J6+M6+O6,0) | Q6: =IFERROR(P6/105,0) | R6: =IF(P6="","",IF(P6>=85,"A",IF(P6>=70,"B",IF(P6>=55,"C","D")))) | S6: =IF(B6="","",IF(OR(G6="نعم",H6="نعم",I6="نعم",K6>8,L6>100000,'3. التنفيذات'!G6>3,C6<550,E6>0.7),"🔴 مرفوض - سياسة مباشرة",IF(R6="A","🟢 مؤهل",IF(R6="B","🟡 مؤهل بتحفظ",IF(R6="C","🟠 يحتاج استثناء","🔴 مرفوض")))))
A7: ='1. بيانات العميل'!A7 | B7: ='1. بيانات العميل'!C7 | C7: ='1. بيانات العميل'!M7 | D7: =IF(C7="","",IF(C7>=750,25,IF(C7>=700,20,IF(C7>=650,15,IF(C7>=600,10,IF(C7>=550,5,0)))))) | E7: ='2. الالتزامات'!N7 | F7: =IF(E7="","",IF(E7<=0.3,25,IF(E7<=0.4,20,IF(E7<=0.5,15,IF(E7<=0.6,10,IF(E7<=0.7,5,0)))))) | G7: ='1. بيانات العميل'!O7 | H7: ='1. بيانات العميل'!P7 | I7: ='1. بيانات العميل'!Q7 | J7: =IF(OR(G7="نعم",H7="نعم",I7="نعم"),0,20) | K7: ='3. التنفيذات'!K7 | L7: ='3. التنفيذات'!L7 | M7: =IF(K7=0,20,IF(OR(K7>8,L7>100000),0,IF(OR(K7>5,L7>50000),5,IF(OR(K7>3,L7>25000),10,15)))) | N7: ='1. بيانات العميل'!H7 | O7: =IF(N7="حكومي",15,IF(N7="شبه حكومي",10,IF(N7="خاص كبير",8,IF(N7="متقاعد",5,5)))) | P7: =IFERROR(D7+F7+J7+M7+O7,0) | Q7: =IFERROR(P7/105,0) | R7: =IF(P7="","",IF(P7>=85,"A",IF(P7>=70,"B",IF(P7>=55,"C","D")))) | S7: =IF(B7="","",IF(OR(G7="نعم",H7="نعم",I7="نعم",K7>8,L7>100000,'3. التنفيذات'!G7>3,C7<550,E7>0.7),"🔴 مرفوض - سياسة مباشرة",IF(R7="A","🟢 مؤهل",IF(R7="B","🟡 مؤهل بتحفظ",IF(R7="C","🟠 يحتاج استثناء","🔴 مرفوض")))))
A8: ='1. بيانات العميل'!A8 | B8: ='1. بيانات العميل'!C8 | C8: ='1. بيانات العميل'!M8 | D8: =IF(C8="","",IF(C8>=750,25,IF(C8>=700,20,IF(C8>=650,15,IF(C8>=600,10,IF(C8>=550,5,0)))))) | E8: ='2. الالتزامات'!N8 | F8: =IF(E8="","",IF(E8<=0.3,25,IF(E8<=0.4,20,IF(E8<=0.5,15,IF(E8<=0.6,10,IF(E8<=0.7,5,0)))))) | G8: ='1. بيانات العميل'!O8 | H8: ='1. بيانات العميل'!P8 | I8: ='1. بيانات العميل'!Q8 | J8: =IF(OR(G8="نعم",H8="نعم",I8="نعم"),0,20) | K8: ='3. التنفيذات'!K8 | L8: ='3. التنفيذات'!L8 | M8: =IF(K8=0,20,IF(OR(K8>8,L8>100000),0,IF(OR(K8>5,L8>50000),5,IF(OR(K8>3,L8>25000),10,15)))) | N8: ='1. بيانات العميل'!H8 | O8: =IF(N8="حكومي",15,IF(N8="شبه حكومي",10,IF(N8="خاص كبير",8,IF(N8="متقاعد",5,5)))) | P8: =IFERROR(D8+F8+J8+M8+O8,0) | Q8: =IFERROR(P8/105,0) | R8: =IF(P8="","",IF(P8>=85,"A",IF(P8>=70,"B",IF(P8>=55,"C","D")))) | S8: =IF(B8="","",IF(OR(G8="نعم",H8="نعم",I8="نعم",K8>8,L8>100000,'3. التنفيذات'!G8>3,C8<550,E8>0.7),"🔴 مرفوض - سياسة مباشرة",IF(R8="A","🟢 مؤهل",IF(R8="B","🟡 مؤهل بتحفظ",IF(R8="C","🟠 يحتاج استثناء","🔴 مرفوض")))))
A9: ='1. بيانات العميل'!A9 | B9: ='1. بيانات العميل'!C9 | C9: ='1. بيانات العميل'!M9 | D9: =IF(C9="","",IF(C9>=750,25,IF(C9>=700,20,IF(C9>=650,15,IF(C9>=600,10,IF(C9>=550,5,0)))))) | E9: ='2. الالتزامات'!N9 | F9: =IF(E9="","",IF(E9<=0.3,25,IF(E9<=0.4,20,IF(E9<=0.5,15,IF(E9<=0.6,10,IF(E9<=0.7,5,0)))))) | G9: ='1. بيانات العميل'!O9 | H9: ='1. بيانات العميل'!P9 | I9: ='1. بيانات العميل'!Q9 | J9: =IF(OR(G9="نعم",H9="نعم",I9="نعم"),0,20) | K9: ='3. التنفيذات'!K9 | L9: ='3. التنفيذات'!L9 | M9: =IF(K9=0,20,IF(OR(K9>8,L9>100000),0,IF(OR(K9>5,L9>50000),5,IF(OR(K9>3,L9>25000),10,15)))) | N9: ='1. بيانات العميل'!H9 | O9: =IF(N9="حكومي",15,IF(N9="شبه حكومي",10,IF(N9="خاص كبير",8,IF(N9="متقاعد",5,5)))) | P9: =IFERROR(D9+F9+J9+M9+O9,0) | Q9: =IFERROR(P9/105,0) | R9: =IF(P9="","",IF(P9>=85,"A",IF(P9>=70,"B",IF(P9>=55,"C","D")))) | S9: =IF(B9="","",IF(OR(G9="نعم",H9="نعم",I9="نعم",K9>8,L9>100000,'3. التنفيذات'!G9>3,C9<550,E9>0.7),"🔴 مرفوض - سياسة مباشرة",IF(R9="A","🟢 مؤهل",IF(R9="B","🟡 مؤهل بتحفظ",IF(R9="C","🟠 يحتاج استثناء","🔴 مرفوض")))))
A10: ='1. بيانات العميل'!A10 | B10: ='1. بيانات العميل'!C10 | C10: ='1. بيانات العميل'!M10 | D10: =IF(C10="","",IF(C10>=750,25,IF(C10>=700,20,IF(C10>=650,15,IF(C10>=600,10,IF(C10>=550,5,0)))))) | E10: ='2. الالتزامات'!N10 | F10: =IF(E10="","",IF(E10<=0.3,25,IF(E10<=0.4,20,IF(E10<=0.5,15,IF(E10<=0.6,10,IF(E10<=0.7,5,0)))))) | G10: ='1. بيانات العميل'!O10 | H10: ='1. بيانات العميل'!P10 | I10: ='1. بيانات العميل'!Q10 | J10: =IF(OR(G10="نعم",H10="نعم",I10="نعم"),0,20) | K10: ='3. التنفيذات'!K10 | L10: ='3. التنفيذات'!L10 | M10: =IF(K10=0,20,IF(OR(K10>8,L10>100000),0,IF(OR(K10>5,L10>50000),5,IF(OR(K10>3,L10>25000),10,15)))) | N10: ='1. بيانات العميل'!H10 | O10: =IF(N10="حكومي",15,IF(N10="شبه حكومي",10,IF(N10="خاص كبير",8,IF(N10="متقاعد",5,5)))) | P10: =IFERROR(D10+F10+J10+M10+O10,0) | Q10: =IFERROR(P10/105,0) | R10: =IF(P10="","",IF(P10>=85,"A",IF(P10>=70,"B",IF(P10>=55,"C","D")))) | S10: =IF(B10="","",IF(OR(G10="نعم",H10="نعم",I10="نعم",K10>8,L10>100000,'3. التنفيذات'!G10>3,C10<550,E10>0.7),"🔴 مرفوض - سياسة مباشرة",IF(R10="A","🟢 مؤهل",IF(R10="B","🟡 مؤهل بتحفظ",IF(R10="C","🟠 يحتاج استثناء","🔴 مرفوض")))))
A11: ='1. بيانات العميل'!A11 | B11: ='1. بيانات العميل'!C11 | C11: ='1. بيانات العميل'!M11 | D11: =IF(C11="","",IF(C11>=750,25,IF(C11>=700,20,IF(C11>=650,15,IF(C11>=600,10,IF(C11>=550,5,0)))))) | E11: ='2. الالتزامات'!N11 | F11: =IF(E11="","",IF(E11<=0.3,25,IF(E11<=0.4,20,IF(E11<=0.5,15,IF(E11<=0.6,10,IF(E11<=0.7,5,0)))))) | G11: ='1. بيانات العميل'!O11 | H11: ='1. بيانات العميل'!P11 | I11: ='1. بيانات العميل'!Q11 | J11: =IF(OR(G11="نعم",H11="نعم",I11="نعم"),0,20) | K11: ='3. التنفيذات'!K11 | L11: ='3. التنفيذات'!L11 | M11: =IF(K11=0,20,IF(OR(K11>8,L11>100000),0,IF(OR(K11>5,L11>50000),5,IF(OR(K11>3,L11>25000),10,15)))) | N11: ='1. بيانات العميل'!H11 | O11: =IF(N11="حكومي",15,IF(N11="شبه حكومي",10,IF(N11="خاص كبير",8,IF(N11="متقاعد",5,5)))) | P11: =IFERROR(D11+F11+J11+M11+O11,0) | Q11: =IFERROR(P11/105,0) | R11: =IF(P11="","",IF(P11>=85,"A",IF(P11>=70,"B",IF(P11>=55,"C","D")))) | S11: =IF(B11="","",IF(OR(G11="نعم",H11="نعم",I11="نعم",K11>8,L11>100000,'3. التنفيذات'!G11>3,C11<550,E11>0.7),"🔴 مرفوض - سياسة مباشرة",IF(R11="A","🟢 مؤهل",IF(R11="B","🟡 مؤهل بتحفظ",IF(R11="C","🟠 يحتاج استثناء","🔴 مرفوض")))))
A12: ='1. بيانات العميل'!A12 | B12: ='1. بيانات العميل'!C12 | C12: ='1. بيانات العميل'!M12 | D12: =IF(C12="","",IF(C12>=750,25,IF(C12>=700,20,IF(C12>=650,15,IF(C12>=600,10,IF(C12>=550,5,0)))))) | E12: ='2. الالتزامات'!N12 | F12: =IF(E12="","",IF(E12<=0.3,25,IF(E12<=0.4,20,IF(E12<=0.5,15,IF(E12<=0.6,10,IF(E12<=0.7,5,0)))))) | G12: ='1. بيانات العميل'!O12 | H12: ='1. بيانات العميل'!P12 | I12: ='1. بيانات العميل'!Q12 | J12: =IF(OR(G12="نعم",H12="نعم",I12="نعم"),0,20) | K12: ='3. التنفيذات'!K12 | L12: ='3. التنفيذات'!L12 | M12: =IF(K12=0,20,IF(OR(K12>8,L12>100000),0,IF(OR(K12>5,L12>50000),5,IF(OR(K12>3,L12>25000),10,15)))) | N12: ='1. بيانات العميل'!H12 | O12: =IF(N12="حكومي",15,IF(N12="شبه حكومي",10,IF(N12="خاص كبير",8,IF(N12="متقاعد",5,5)))) | P12: =IFERROR(D12+F12+J12+M12+O12,0) | Q12: =IFERROR(P12/105,0) | R12: =IF(P12="","",IF(P12>=85,"A",IF(P12>=70,"B",IF(P12>=55,"C","D")))) | S12: =IF(B12="","",IF(OR(G12="نعم",H12="نعم",I12="نعم",K12>8,L12>100000,'3. التنفيذات'!G12>3,C12<550,E12>0.7),"🔴 مرفوض - سياسة مباشرة",IF(R12="A","🟢 مؤهل",IF(R12="B","🟡 مؤهل بتحفظ",IF(R12="C","🟠 يحتاج استثناء","🔴 مرفوض")))))
A13: ='1. بيانات العميل'!A13 | B13: ='1. بيانات العميل'!C13 | C13: ='1. بيانات العميل'!M13 | D13: =IF(C13="","",IF(C13>=750,25,IF(C13>=700,20,IF(C13>=650,15,IF(C13>=600,10,IF(C13>=550,5,0)))))) | E13: ='2. الالتزامات'!N13 | F13: =IF(E13="","",IF(E13<=0.3,25,IF(E13<=0.4,20,IF(E13<=0.5,15,IF(E13<=0.6,10,IF(E13<=0.7,5,0)))))) | G13: ='1. بيانات العميل'!O13 | H13: ='1. بيانات العميل'!P13 | I13: ='1. بيانات العميل'!Q13 | J13: =IF(OR(G13="نعم",H13="نعم",I13="نعم"),0,20) | K13: ='3. التنفيذات'!K13 | L13: ='3. التنفيذات'!L13 | M13: =IF(K13=0,20,IF(OR(K13>8,L13>100000),0,IF(OR(K13>5,L13>50000),5,IF(OR(K13>3,L13>25000),10,15)))) | N13: ='1. بيانات العميل'!H13 | O13: =IF(N13="حكومي",15,IF(N13="شبه حكومي",10,IF(N13="خاص كبير",8,IF(N13="متقاعد",5,5)))) | P13: =IFERROR(D13+F13+J13+M13+O13,0) | Q13: =IFERROR(P13/105,0) | R13: =IF(P13="","",IF(P13>=85,"A",IF(P13>=70,"B",IF(P13>=55,"C","D")))) | S13: =IF(B13="","",IF(OR(G13="نعم",H13="نعم",I13="نعم",K13>8,L13>100000,'3. التنفيذات'!G13>3,C13<550,E13>0.7),"🔴 مرفوض - سياسة مباشرة",IF(R13="A","🟢 مؤهل",IF(R13="B","🟡 مؤهل بتحفظ",IF(R13="C","🟠 يحتاج استثناء","🔴 مرفوض")))))
A14: ='1. بيانات العميل'!A14 | B14: ='1. بيانات العميل'!C14 | C14: ='1. بيانات العميل'!M14 | D14: =IF(C14="","",IF(C14>=750,25,IF(C14>=700,20,IF(C14>=650,15,IF(C14>=600,10,IF(C14>=550,5,0)))))) | E14: ='2. الالتزامات'!N14 | F14: =IF(E14="","",IF(E14<=0.3,25,IF(E14<=0.4,20,IF(E14<=0.5,15,IF(E14<=0.6,10,IF(E14<=0.7,5,0)))))) | G14: ='1. بيانات العميل'!O14 | H14: ='1. بيانات العميل'!P14 | I14: ='1. بيانات العميل'!Q14 | J14: =IF(OR(G14="نعم",H14="نعم",I14="نعم"),0,20) | K14: ='3. التنفيذات'!K14 | L14: ='3. التنفيذات'!L14 | M14: =IF(K14=0,20,IF(OR(K14>8,L14>100000),0,IF(OR(K14>5,L14>50000),5,IF(OR(K14>3,L14>25000),10,15)))) | N14: ='1. بيانات العميل'!H14 | O14: =IF(N14="حكومي",15,IF(N14="شبه حكومي",10,IF(N14="خاص كبير",8,IF(N14="متقاعد",5,5)))) | P14: =IFERROR(D14+F14+J14+M14+O14,0) | Q14: =IFERROR(P14/105,0) | R14: =IF(P14="","",IF(P14>=85,"A",IF(P14>=70,"B",IF(P14>=55,"C","D")))) | S14: =IF(B14="","",IF(OR(G14="نعم",H14="نعم",I14="نعم",K14>8,L14>100000,'3. التنفيذات'!G14>3,C14<550,E14>0.7),"🔴 مرفوض - سياسة مباشرة",IF(R14="A","🟢 مؤهل",IF(R14="B","🟡 مؤهل بتحفظ",IF(R14="C","🟠 يحتاج استثناء","🔴 مرفوض")))))
A15: ='1. بيانات العميل'!A15 | B15: ='1. بيانات العميل'!C15 | C15: ='1. بيانات العميل'!M15 | D15: =IF(C15="","",IF(C15>=750,25,IF(C15>=700,20,IF(C15>=650,15,IF(C15>=600,10,IF(C15>=550,5,0)))))) | E15: ='2. الالتزامات'!N15 | F15: =IF(E15="","",IF(E15<=0.3,25,IF(E15<=0.4,20,IF(E15<=0.5,15,IF(E15<=0.6,10,IF(E15<=0.7,5,0)))))) | G15: ='1. بيانات العميل'!O15 | H15: ='1. بيانات العميل'!P15 | I15: ='1. بيانات العميل'!Q15 | J15: =IF(OR(G15="نعم",H15="نعم",I15="نعم"),0,20) | K15: ='3. التنفيذات'!K15 | L15: ='3. التنفيذات'!L15 | M15: =IF(K15=0,20,IF(OR(K15>8,L15>100000),0,IF(OR(K15>5,L15>50000),5,IF(OR(K15>3,L15>25000),10,15)))) | N15: ='1. بيانات العميل'!H15 | O15: =IF(N15="حكومي",15,IF(N15="شبه حكومي",10,IF(N15="خاص كبير",8,IF(N15="متقاعد",5,5)))) | P15: =IFERROR(D15+F15+J15+M15+O15,0) | Q15: =IFERROR(P15/105,0) | R15: =IF(P15="","",IF(P15>=85,"A",IF(P15>=70,"B",IF(P15>=55,"C","D")))) | S15: =IF(B15="","",IF(OR(G15="نعم",H15="نعم",I15="نعم",K15>8,L15>100000,'3. التنفيذات'!G15>3,C15<550,E15>0.7),"🔴 مرفوض - سياسة مباشرة",IF(R15="A","🟢 مؤهل",IF(R15="B","🟡 مؤهل بتحفظ",IF(R15="C","🟠 يحتاج استثناء","🔴 مرفوض")))))
... A53: ='1. بيانات العميل'!A53 | B53: ='1. بيانات العميل'!C53 | C53: ='1. بيانات العميل'!M53 | D53: =IF(C53="","",IF(C53>=750,25,IF(C53>=700,20,IF(C53>=650,15,IF(C53>=600,10,IF(C53>=550,5,0)))))) | E53: ='2. الالتزامات'!N53 | F53: =IF(E53="","",IF(E53<=0.3,25,IF(E53<=0.4,20,IF(E53<=0.5,15,IF(E53<=0.6,10,IF(E53<=0.7,5,0)))))) | G53: ='1. بيانات العميل'!O53 | H53: ='1. بيانات العميل'!P53 | I53: ='1. بيانات العميل'!Q53 | J53: =IF(OR(G53="نعم",H53="نعم",I53="نعم"),0,20) | K53: ='3. التنفيذات'!K53 | L53: ='3. التنفيذات'!L53 | M53: =IF(K53=0,20,IF(OR(K53>8,L53>100000),0,IF(OR(K53>5,L53>50000),5,IF(OR(K53>3,L53>25000),10,15)))) | N53: ='1. بيانات العميل'!H53 | O53: =IF(N53="حكومي",15,IF(N53="شبه حكومي",10,IF(N53="خاص كبير",8,IF(N53="متقاعد",5,5)))) | P53: =IFERROR(D53+F53+J53+M53+O53,0) | Q53: =IFERROR(P53/105,0) | R53: =IF(P53="","",IF(P53>=85,"A",IF(P53>=70,"B",IF(P53>=55,"C","D")))) | S53: =IF(B53="","",IF(OR(G53="نعم",H53="نعم",I53="نعم",K53>8,L53>100000,'3. التنفيذات'!G53>3,C53<550,E53>0.7),"🔴 مرفوض - سياسة مباشرة",IF(R53="A","🟢 مؤهل",IF(R53="B","🟡 مؤهل بتحفظ",IF(R53="C","🟠 يحتاج استثناء","🔴 مرفوض")))))

Sheet 5. الجدوى التمويلية
A1: 💰 دراسة الجدوى التمويلية - Financial Feasibility Analysis
A3: رقم الملف | B3: اسم العميل | C3: التصنيف | D3: صافي الراتب | E3: معامل التمويل | F3: مبلغ التمويل المتوقع | G3: إجمالي المديونيات | H3: إجمالي التنفيذات | I3: مبلغ السداد المطلوب | J3: نسبة أتعاب الشركة % | K3: قيمة أتعاب الشركة | L3: الفائض الإجمالي | M3: صافي الفائض للعميل | N3: قرار الجدوى
A4: ='1. بيانات العميل'!A4 | B4: ='1. بيانات العميل'!C4 | C4: ='4. محرك المخاطر'!R4 | D4: ='1. بيانات العميل'!K4 | E4: =IF(C4="A",20,IF(C4="B",15,IF(C4="C",10,0))) | F4: =IFERROR(D4*E4,0) | G4: ='2. الالتزامات'!K4 | H4: ='3. التنفيذات'!L4 | I4: =IFERROR(G4+H4,0) | J4: 0.1 | K4: =IFERROR(F4*J4,0) | L4: =IFERROR(F4-I4,0) | M4: =IFERROR(L4-K4,0) | N4: =IF(B4="","",IF(M4>50000,"🟢 فرصة ممتازة",IF(M4>20000,"🟡 فرصة جيدة",IF(M4>0,"🟠 فرصة ضعيفة","🔴 غير مجدي اقتصادياً"))))
A5: ='1. بيانات العميل'!A5 | B5: ='1. بيانات العميل'!C5 | C5: ='4. محرك المخاطر'!R5 | D5: ='1. بيانات العميل'!K5 | E5: =IF(C5="A",20,IF(C5="B",15,IF(C5="C",10,0))) | F5: =IFERROR(D5*E5,0) | G5: ='2. الالتزامات'!K5 | H5: ='3. التنفيذات'!L5 | I5: =IFERROR(G5+H5,0) | J5: 0.1 | K5: =IFERROR(F5*J5,0) | L5: =IFERROR(F5-I5,0) | M5: =IFERROR(L5-K5,0) | N5: =IF(B5="","",IF(M5>50000,"🟢 فرصة ممتازة",IF(M5>20000,"🟡 فرصة جيدة",IF(M5>0,"🟠 فرصة ضعيفة","🔴 غير مجدي اقتصادياً"))))
A6: ='1. بيانات العميل'!A6 | B6: ='1. بيانات العميل'!C6 | C6: ='4. محرك المخاطر'!R6 | D6: ='1. بيانات العميل'!K6 | E6: =IF(C6="A",20,IF(C6="B",15,IF(C6="C",10,0))) | F6: =IFERROR(D6*E6,0) | G6: ='2. الالتزامات'!K6 | H6: ='3. التنفيذات'!L6 | I6: =IFERROR(G6+H6,0) | J6: 0.12 | K6: =IFERROR(F6*J6,0) | L6: =IFERROR(F6-I6,0) | M6: =IFERROR(L6-K6,0) | N6: =IF(B6="","",IF(M6>50000,"🟢 فرصة ممتازة",IF(M6>20000,"🟡 فرصة جيدة",IF(M6>0,"🟠 فرصة ضعيفة","🔴 غير مجدي اقتصادياً"))))
A7: ='1. بيانات العميل'!A7 | B7: ='1. بيانات العميل'!C7 | C7: ='4. محرك المخاطر'!R7 | D7: ='1. بيانات العميل'!K7 | E7: =IF(C7="A",20,IF(C7="B",15,IF(C7="C",10,0))) | F7: =IFERROR(D7*E7,0) | G7: ='2. الالتزامات'!K7 | H7: ='3. التنفيذات'!L7 | I7: =IFERROR(G7+H7,0) | J7: 0.15 | K7: =IFERROR(F7*J7,0) | L7: =IFERROR(F7-I7,0) | M7: =IFERROR(L7-K7,0) | N7: =IF(B7="","",IF(M7>50000,"🟢 فرصة ممتازة",IF(M7>20000,"🟡 فرصة جيدة",IF(M7>0,"🟠 فرصة ضعيفة","🔴 غير مجدي اقتصادياً"))))
A8: ='1. بيانات العميل'!A8 | B8: ='1. بيانات العميل'!C8 | C8: ='4. محرك المخاطر'!R8 | D8: ='1. بيانات العميل'!K8 | E8: =IF(C8="A",20,IF(C8="B",15,IF(C8="C",10,0))) | F8: =IFERROR(D8*E8,0) | G8: ='2. الالتزامات'!K8 | H8: ='3. التنفيذات'!L8 | I8: =IFERROR(G8+H8,0) | J8: 0.1 | K8: =IFERROR(F8*J8,0) | L8: =IFERROR(F8-I8,0) | M8: =IFERROR(L8-K8,0) | N8: =IF(B8="","",IF(M8>50000,"🟢 فرصة ممتازة",IF(M8>20000,"🟡 فرصة جيدة",IF(M8>0,"🟠 فرصة ضعيفة","🔴 غير مجدي اقتصادياً"))))
A9: ='1. بيانات العميل'!A9 | B9: ='1. بيانات العميل'!C9 | C9: ='4. محرك المخاطر'!R9 | D9: ='1. بيانات العميل'!K9 | E9: =IF(C9="A",20,IF(C9="B",15,IF(C9="C",10,0))) | F9: =IFERROR(D9*E9,0) | G9: ='2. الالتزامات'!K9 | H9: ='3. التنفيذات'!L9 | I9: =IFERROR(G9+H9,0) | K9: =IFERROR(F9*J9,0) | L9: =IFERROR(F9-I9,0) | M9: =IFERROR(L9-K9,0) | N9: =IF(B9="","",IF(M9>50000,"🟢 فرصة ممتازة",IF(M9>20000,"🟡 فرصة جيدة",IF(M9>0,"🟠 فرصة ضعيفة","🔴 غير مجدي اقتصادياً"))))
A10: ='1. بيانات العميل'!A10 | B10: ='1. بيانات العميل'!C10 | C10: ='4. محرك المخاطر'!R10 | D10: ='1. بيانات العميل'!K10 | E10: =IF(C10="A",20,IF(C10="B",15,IF(C10="C",10,0))) | F10: =IFERROR(D10*E10,0) | G10: ='2. الالتزامات'!K10 | H10: ='3. التنفيذات'!L10 | I10: =IFERROR(G10+H10,0) | K10: =IFERROR(F10*J10,0) | L10: =IFERROR(F10-I10,0) | M10: =IFERROR(L10-K10,0) | N10: =IF(B10="","",IF(M10>50000,"🟢 فرصة ممتازة",IF(M10>20000,"🟡 فرصة جيدة",IF(M10>0,"🟠 فرصة ضعيفة","🔴 غير مجدي اقتصادياً"))))
A11: ='1. بيانات العميل'!A11 | B11: ='1. بيانات العميل'!C11 | C11: ='4. محرك المخاطر'!R11 | D11: ='1. بيانات العميل'!K11 | E11: =IF(C11="A",20,IF(C11="B",15,IF(C11="C",10,0))) | F11: =IFERROR(D11*E11,0) | G11: ='2. الالتزامات'!K11 | H11: ='3. التنفيذات'!L11 | I11: =IFERROR(G11+H11,0) | K11: =IFERROR(F11*J11,0) | L11: =IFERROR(F11-I11,0) | M11: =IFERROR(L11-K11,0) | N11: =IF(B11="","",IF(M11>50000,"🟢 فرصة ممتازة",IF(M11>20000,"🟡 فرصة جيدة",IF(M11>0,"🟠 فرصة ضعيفة","🔴 غير مجدي اقتصادياً"))))
A12: ='1. بيانات العميل'!A12 | B12: ='1. بيانات العميل'!C12 | C12: ='4. محرك المخاطر'!R12 | D12: ='1. بيانات العميل'!K12 | E12: =IF(C12="A",20,IF(C12="B",15,IF(C12="C",10,0))) | F12: =IFERROR(D12*E12,0) | G12: ='2. الالتزامات'!K12 | H12: ='3. التنفيذات'!L12 | I12: =IFERROR(G12+H12,0) | K12: =IFERROR(F12*J12,0) | L12: =IFERROR(F12-I12,0) | M12: =IFERROR(L12-K12,0) | N12: =IF(B12="","",IF(M12>50000,"🟢 فرصة ممتازة",IF(M12>20000,"🟡 فرصة جيدة",IF(M12>0,"🟠 فرصة ضعيفة","🔴 غير مجدي اقتصادياً"))))
A13: ='1. بيانات العميل'!A13 | B13: ='1. بيانات العميل'!C13 | C13: ='4. محرك المخاطر'!R13 | D13: ='1. بيانات العميل'!K13 | E13: =IF(C13="A",20,IF(C13="B",15,IF(C13="C",10,0))) | F13: =IFERROR(D13*E13,0) | G13: ='2. الالتزامات'!K13 | H13: ='3. التنفيذات'!L13 | I13: =IFERROR(G13+H13,0) | K13: =IFERROR(F13*J13,0) | L13: =IFERROR(F13-I13,0) | M13: =IFERROR(L13-K13,0) | N13: =IF(B13="","",IF(M13>50000,"🟢 فرصة ممتازة",IF(M13>20000,"🟡 فرصة جيدة",IF(M13>0,"🟠 فرصة ضعيفة","🔴 غير مجدي اقتصادياً"))))
A14: ='1. بيانات العميل'!A14 | B14: ='1. بيانات العميل'!C14 | C14: ='4. محرك المخاطر'!R14 | D14: ='1. بيانات العميل'!K14 | E14: =IF(C14="A",20,IF(C14="B",15,IF(C14="C",10,0))) | F14: =IFERROR(D14*E14,0) | G14: ='2. الالتزامات'!K14 | H14: ='3. التنفيذات'!L14 | I14: =IFERROR(G14+H14,0) | K14: =IFERROR(F14*J14,0) | L14: =IFERROR(F14-I14,0) | M14: =IFERROR(L14-K14,0) | N14: =IF(B14="","",IF(M14>50000,"🟢 فرصة ممتازة",IF(M14>20000,"🟡 فرصة جيدة",IF(M14>0,"🟠 فرصة ضعيفة","🔴 غير مجدي اقتصادياً"))))
A15: ='1. بيانات العميل'!A15 | B15: ='1. بيانات العميل'!C15 | C15: ='4. محرك المخاطر'!R15 | D15: ='1. بيانات العميل'!K15 | E15: =IF(C15="A",20,IF(C15="B",15,IF(C15="C",10,0))) | F15: =IFERROR(D15*E15,0) | G15: ='2. الالتزامات'!K15 | H15: ='3. التنفيذات'!L15 | I15: =IFERROR(G15+H15,0) | K15: =IFERROR(F15*J15,0) | L15: =IFERROR(F15-I15,0) | M15: =IFERROR(L15-K15,0) | N15: =IF(B15="","",IF(M15>50000,"🟢 فرصة ممتازة",IF(M15>20000,"🟡 فرصة جيدة",IF(M15>0,"🟠 فرصة ضعيفة","🔴 غير مجدي اقتصادياً"))))
A16: ='1. بيانات العميل'!A16 | B16: ='1. بيانات العميل'!C16 | C16: ='4. محرك المخاطر'!R16 | D16: ='1. بيانات العميل'!K16 | E16: =IF(C16="A",20,IF(C16="B",15,IF(C16="C",10,0))) | F16: =IFERROR(D16*E16,0) | G16: ='2. الالتزامات'!K16 | H16: ='3. التنفيذات'!L16 | I16: =IFERROR(G16+H16,0) | K16: =IFERROR(F16*J16,0) | L16: =IFERROR(F16-I16,0) | M16: =IFERROR(L16-K16,0) | N16: =IF(B16="","",IF(M16>50000,"🟢 فرصة ممتازة",IF(M16>20000,"🟡 فرصة جيدة",IF(M16>0,"🟠 فرصة ضعيفة","🔴 غير مجدي اقتصادياً"))))
A17: ='1. بيانات العميل'!A17 | B17: ='1. بيانات العميل'!C17 | C17: ='4. محرك المخاطر'!R17 | D17: ='1. بيانات العميل'!K17 | E17: =IF(C17="A",20,IF(C17="B",15,IF(C17="C",10,0))) | F17: =IFERROR(D17*E17,0) | G17: ='2. الالتزامات'!K17 | H17: ='3. التنفيذات'!L17 | I17: =IFERROR(G17+H17,0) | K17: =IFERROR(F17*J17,0) | L17: =IFERROR(F17-I17,0) | M17: =IFERROR(L17-K17,0) | N17: =IF(B17="","",IF(M17>50000,"🟢 فرصة ممتازة",IF(M17>20000,"🟡 فرصة جيدة",IF(M17>0,"🟠 فرصة ضعيفة","🔴 غير مجدي اقتصادياً"))))
A18: ='1. بيانات العميل'!A18 | B18: ='1. بيانات العميل'!C18 | C18: ='4. محرك المخاطر'!R18 | D18: ='1. بيانات العميل'!K18 | E18: =IF(C18="A",20,IF(C18="B",15,IF(C18="C",10,0))) | F18: =IFERROR(D18*E18,0) | G18: ='2. الالتزامات'!K18 | H18: ='3. التنفيذات'!L18 | I18: =IFERROR(G18+H18,0) | K18: =IFERROR(F18*J18,0) | L18: =IFERROR(F18-I18,0) | M18: =IFERROR(L18-K18,0) | N18: =IF(B18="","",IF(M18>50000,"🟢 فرصة ممتازة",IF(M18>20000,"🟡 فرصة جيدة",IF(M18>0,"🟠 فرصة ضعيفة","🔴 غير مجدي اقتصادياً"))))
A19: ='1. بيانات العميل'!A19 | B19: ='1. بيانات العميل'!C19 | C19: ='4. محرك المخاطر'!R19 | D19: ='1. بيانات العميل'!K19 | E19: =IF(C19="A",20,IF(C19="B",15,IF(C19="C",10,0))) | F19: =IFERROR(D19*E19,0) | G19: ='2. الالتزامات'!K19 | H19: ='3. التنفيذات'!L19 | I19: =IFERROR(G19+H19,0) | K19: =IFERROR(F19*J19,0) | L19: =IFERROR(F19-I19,0) | M19: =IFERROR(L19-K19,0) | N19: =IF(B19="","",IF(M19>50000,"🟢 فرصة ممتازة",IF(M19>20000,"🟡 فرصة جيدة",IF(M19>0,"🟠 فرصة ضعيفة","🔴 غير مجدي اقتصادياً"))))
A20: ='1. بيانات العميل'!A20 | B20: ='1. بيانات العميل'!C20 | C20: ='4. محرك المخاطر'!R20 | D20: ='1. بيانات العميل'!K20 | E20: =IF(C20="A",20,IF(C20="B",15,IF(C20="C",10,0))) | F20: =IFERROR(D20*E20,0) | G20: ='2. الالتزامات'!K20 | H20: ='3. التنفيذات'!L20 | I20: =IFERROR(G20+H20,0) | K20: =IFERROR(F20*J20,0) | L20: =IFERROR(F20-I20,0) | M20: =IFERROR(L20-K20,0) | N20: =IF(B20="","",IF(M20>50000,"🟢 فرصة ممتازة",IF(M20>20000,"🟡 فرصة جيدة",IF(M20>0,"🟠 فرصة ضعيفة","🔴 غير مجدي اقتصادياً"))))
... A53: ='1. بيانات العميل'!A53 | B53: ='1. بيانات العميل'!C53 | C53: ='4. محرك المخاطر'!R53 | D53: ='1. بيانات العميل'!K53 | E53: =IF(C53="A",20,IF(C53="B",15,IF(C53="C",10,0))) | F53: =IFERROR(D53*E53,0) | G53: ='2. الالتزامات'!K53 | H53: ='3. التنفيذات'!L53 | I53: =IFERROR(G53+H53,0) | K53: =IFERROR(F53*J53,0) | L53: =IFERROR(F53-I53,0) | M53: =IFERROR(L53-K53,0) | N53: =IF(B53="","",IF(M53>50000,"🟢 فرصة ممتازة",IF(M53>20000,"🟡 فرصة جيدة",IF(M53>0,"🟠 فرصة ضعيفة","🔴 غير مجدي اقتصادياً"))))

Sheet 6. الاعتمادات
A1: ✅ نظام الاعتمادات والـ Workflow - Approvals & Workflow Management
A3: رقم الملف | B3: اسم العميل | C3: التصنيف | D3: الحالة النهائية | E3: مرحلة Workflow | F3: محلل الائتمان الاسم | G3: محلل الائتمان التاريخ | H3: محلل الائتمان التوصية | I3: مدير العمليات الاسم | J3: مدير العمليات التاريخ | K3: مدير العمليات القرار | L3: الإدارة المالية الاسم | M3: الإدارة المالية التاريخ | N3: الإدارة المالية القرار | O3: ملاحظات عامة | P3: تاريخ الاكتمال
A4: ='1. بيانات العميل'!A4 | B4: ='1. بيانات العميل'!C4 | C4: ='4. محرك المخاطر'!R4 | D4: ='4. محرك المخاطر'!S4 | E4: ='1. بيانات العميل'!R4 | F4: أحمد عسيري | G4: 2026-05-30 | H4: موصى به للتمويل | I4: خالد الحربي | J4: 2026-05-30 | K4: معتمد للتمويل | L4: فهد العتيبي | M4: 2026-05-30 | N4: مقبول ومعتمد للصرف | O4: الملف مستوفي كافة شروط الفحص المالي والتحليل الائتماني | P4: 2026-05-30
A5: ='1. بيانات العميل'!A5 | B5: ='1. بيانات العميل'!C5 | C5: ='4. محرك المخاطر'!R5 | D5: ='4. محرك المخاطر'!S5 | E5: ='1. بيانات العميل'!R5 | F5: أحمد عسيري | G5: 2026-05-30 | H5: موصى به للتمويل | I5: خالد الحربي | J5: 2026-05-30 | K5: معتمد للتمويل | L5: فهد العتيبي | M5: 2026-05-30 | N5: مقبول ومعتمد للصرف | O5: الملف مستوفي كافة شروط الفحص المالي والتحليل الائتماني | P5: 2026-05-30
A6: ='1. بيانات العميل'!A6 | B6: ='1. بيانات العميل'!C6 | C6: ='4. محرك المخاطر'!R6 | D6: ='4. محرك المخاطر'!S6 | E6: ='1. بيانات العميل'!R6 | F6: أحمد عسيري | G6: 2026-05-30 | H6: موصى به للتمويل | I6: خالد الحربي | J6: 2026-05-30 | K6: معتمد للتمويل | L6: فهد العتيبي | M6: 2026-05-30 | N6: مقبول ومعتمد للصرف | O6: الملف مستوفي كافة شروط الفحص المالي والتحليل الائتماني | P6: 2026-05-30
A7: ='1. بيانات العميل'!A7 | B7: ='1. بيانات العميل'!C7 | C7: ='4. محرك المخاطر'!R7 | D7: ='4. محرك المخاطر'!S7 | E7: ='1. بيانات العميل'!R7 | F7: أحمد عسيري | G7: 2026-05-30 | H7: موصى به للتمويل | I7: خالد الحربي | J7: 2026-05-30 | K7: معتمد للتمويل | L7: فهد العتيبي | M7: 2026-05-30 | N7: مقبول ومعتمد للصرف | O7: الملف مستوفي كافة شروط الفحص المالي والتحليل الائتماني | P7: 2026-05-30
A8: ='1. بيانات العميل'!A8 | B8: ='1. بيانات العميل'!C8 | C8: ='4. محرك المخاطر'!R8 | D8: ='4. محرك المخاطر'!S8 | E8: ='1. بيانات العميل'!R8 | F8: أحمد عسيري | G8: 2026-05-30 | H8: موصى به للتمويل | I8: خالد الحربي | J8: 2026-05-30 | K8: معتمد للتمويل | L8: فهد العتيبي | M8: 2026-05-30 | N8: مقبول ومعتمد للصرف | O8: الملف مستوفي كافة شروط الفحص المالي والتحليل الائتماني | P8: 2026-05-30
A9: ='1. بيانات العميل'!A9 | B9: ='1. بيانات العميل'!C9 | C9: ='4. محرك المخاطر'!R9 | D9: ='4. محرك المخاطر'!S9 | E9: ='1. بيانات العميل'!R9
A10: ='1. بيانات العميل'!A10 | B10: ='1. بيانات العميل'!C10 | C10: ='4. محرك المخاطر'!R10 | D10: ='4. محرك المخاطر'!S10 | E10: ='1. بيانات العميل'!R10
A11: ='1. بيانات العميل'!A11 | B11: ='1. بيانات العميل'!C11 | C11: ='4. محرك المخاطر'!R11 | D11: ='4. محرك المخاطر'!S11 | E11: ='1. بيانات العميل'!R11
A12: ='1. بيانات العميل'!A12 | B12: ='1. بيانات العميل'!C12 | C12: ='4. محرك المخاطر'!R12 | D12: ='4. محرك المخاطر'!S12 | E12: ='1. بيانات العميل'!R12
A13: ='1. بيانات العميل'!A13 | B13: ='1. بيانات العميل'!C13 | C13: ='4. محرك المخاطر'!R13 | D13: ='4. محرك المخاطر'!S13 | E13: ='1. بيانات العميل'!R13
A14: ='1. بيانات العميل'!A14 | B14: ='1. بيانات العميل'!C14 | C14: ='4. محرك المخاطر'!R14 | D14: ='4. محرك المخاطر'!S14 | E14: ='1. بيانات العميل'!R14
A15: ='1. بيانات العميل'!A15 | B15: ='1. بيانات العميل'!C15 | C15: ='4. محرك المخاطر'!R15 | D15: ='4. محرك المخاطر'!S15 | E15: ='1. بيانات العميل'!R15
A16: ='1. بيانات العميل'!A16 | B16: ='1. بيانات العميل'!C16 | C16: ='4. محرك المخاطر'!R16 | D16: ='4. محرك المخاطر'!S16 | E16: ='1. بيانات العميل'!R16
A17: ='1. بيانات العميل'!A17 | B17: ='1. بيانات العميل'!C17 | C17: ='4. محرك المخاطر'!R17 | D17: ='4. محرك المخاطر'!S17 | E17: ='1. بيانات العميل'!R17
A18: ='1. بيانات العميل'!A18 | B18: ='1. بيانات العميل'!C18 | C18: ='4. محرك المخاطر'!R18 | D18: ='4. محرك المخاطر'!S18 | E18: ='1. بيانات العميل'!R18
A19: ='1. بيانات العميل'!A19 | B19: ='1. بيانات العميل'!C19 | C19: ='4. محرك المخاطر'!R19 | D19: ='4. محرك المخاطر'!S19 | E19: ='1. بيانات العميل'!R19
A20: ='1. بيانات العميل'!A20 | B20: ='1. بيانات العميل'!C20 | C20: ='4. محرك المخاطر'!R20 | D20: ='4. محرك المخاطر'!S20 | E20: ='1. بيانات العميل'!R20
... A53: ='1. بيانات العميل'!A53 | B53: ='1. بيانات العميل'!C53 | C53: ='4. محرك المخاطر'!R53 | D53: ='4. محرك المخاطر'!S53 | E53: ='1. بيانات العميل'!R53

Sheet 7. أمر تنفيذ - تقرير
A1: 🏦 نظام تحليل العملاء والجدارة الائتمانية
A2: أمر تنفيذ عملية سداد | Debt Settlement Execution Order
A4: 🔍 اختر رقم الملف: | E4: ⬆️ أدخل رقم الملف أو الصف (4-53) في الخلية D4 لعرض تقرير العميل
A6: 👤 أولاً: بيانات العميل الأساسية
A7: رقم الملف | D7: =IFERROR(INDEX('1. بيانات العميل'!A:A,D4),"-")
A8: اسم العميل | D8: =IFERROR(INDEX('1. بيانات العميل'!C:C,D4),"-")
A9: رقم الهوية | D9: =IFERROR(INDEX('1. بيانات العميل'!D:D,D4),"-")
A10: رقم الجوال | D10: =IFERROR(INDEX('1. بيانات العميل'!E:E,D4),"-")
A11: جهة العمل | D11: =IFERROR(INDEX('1. بيانات العميل'!G:G,D4),"-")
A12: نوع جهة العمل | D12: =IFERROR(INDEX('1. بيانات العميل'!H:H,D4),"-")
A13: الراتب الأساسي | D13: =IFERROR(INDEX('1. بيانات العميل'!I:I,D4),"-")
A14: صافي الراتب | D14: =IFERROR(INDEX('1. بيانات العميل'!K:K,D4),"-")
A16: 📊 ثانياً: نتائج التقييم الائتماني
A17: درجة سمة | D17: =IFERROR(INDEX('1. بيانات العميل'!M:M,D4),"-")
A18: نسبة الاستقطاع (DTI) | D18: =IFERROR(INDEX('2. الالتزامات'!N:N,D4),"-")
A19: إجمالي النقاط | D19: =IFERROR(INDEX('4. محرك المخاطر'!P:P,D4),"-")
A20: التصنيف الائتماني | D20: =IFERROR(INDEX('4. محرك المخاطر'!R:R,D4),"-")
A21: درجة المخاطرة | D21: =IFERROR(INDEX('4. محرك المخاطر'!S:S,D4),"-")
A23: ⚖️ ثالثاً: ملف التنفيذات
A24: إجمالي عدد التنفيذات | D24: =IFERROR(INDEX('3. التنفيذات'!K:K,D4),"-")
A25: إجمالي مبالغ التنفيذات | D25: =IFERROR(INDEX('3. التنفيذات'!L:L,D4),"-")
A26: مستوى مخاطر التنفيذات | D26: =IFERROR(INDEX('3. التنفيذات'!M:M,D4),"-")
A28: 💰 رابعاً: دراسة الجدوى التمويلية
A29: إجمالي المديونيات | D29: =IFERROR(INDEX('5. الجدوى التمويلية'!G:G,D4),"-")
A30: مبلغ السداد المطلوب | D30: =IFERROR(INDEX('5. الجدوى التمويلية'!I:I,D4),"-")
A31: مبلغ التمويل المتوقع | D31: =IFERROR(INDEX('5. الجدوى التمويلية'!F:F,D4),"-")
A32: قيمة أتعاب الشركة | D32: =IFERROR(INDEX('5. الجدوى التمويلية'!K:K,D4),"-")
A33: صافي الفائض للعميل | D33: =IFERROR(INDEX('5. الجدوى التمويلية'!M:M,D4),"-")
A34: قرار الجدوى | D34: =IFERROR(INDEX('5. الجدوى التمويلية'!N:N,D4),"-")
A36: ✅ خامساً: الاعتمادات
A37: قرار محلل الائتمان | D37: =IFERROR(INDEX('6. الاعتمادات'!H:H,D4),"-")
A38: قرار مدير العمليات | D38: =IFERROR(INDEX('6. الاعتمادات'!K:K,D4),"-")
A39: قرار الإدارة المالية | D39: =IFERROR(INDEX('6. الاعتمادات'!N:N,D4),"-")
A42: 🖊️ للطباعة والتوقيع | For Print & Signature
A43: محلل الائتمان: ________________ مدير العمليات: ________________ الإدارة المالية: ________________

Sheet الإعدادات
A1: ⚙️ صفحة الإعدادات والسياسات - يمكن تعديل جميع المعايير من هنا دون المساس بالمعادلات
A3: 🔴 سياسة الرفض المباشر - حدود الرفض | F3: 📋 قوائم البيانات (لا تعدل هذه القوائم)
A4: المعيار | B4: الحد | C4: الوصف | D4: النوع | F4: أنواع جهة العمل | G4: نعم/لا | H4: مرحلة Workflow | I4: حالات القضايا | J4: المحاكم
A5: MAX_EXECUTIONS | B5: 8 | C5: الحد الأقصى لعدد طلبات التنفيذ | D5: عدد | F5: حكومي | G5: نعم | H5: جديد | I5: تم التنفيذ - انتهت وتم السداد | J5: محكمة التنفيذ بالرياض
A6: MAX_EXEC_AMOUNT | B6: 100000 | C6: الحد الأقصى لإجمالي مبالغ التنفيذات (ريال) | D6: مبلغ | F6: شبه حكومي | G6: لا | H6: تحت التحليل | I6: قيد التنفيذ - لم تنتهي ولم يتم السداد | J6: محكمة التنفيذ بجدة
A7: MAX_FINANCE_EXECS | B7: 3 | C7: الحد الأقصى لتنفيذات شركات التمويل | D7: عدد | F7: خاص كبير | H7: معتمد من محلل الائتمان | I7: منتهي - لم يتم اكمال الإجراءات | J7: محكمة التنفيذ بالدمام
A8: MIN_SIMAH | B8: 550 | C8: الحد الأدنى لدرجة سمة | D8: درجة | F8: خاص صغير | H8: معتمد من مدير العمليات | I8: أنهي الطلب قبل إيقاف الخدمات | J8: محكمة التنفيذ بمكة المكرمة
A9: MAX_DTI | B9: 0.7 | C9: الحد الأقصى لنسبة الاستقطاع | D9: نسبة | F9: متقاعد | H9: تحت المراجعة المالية | J9: محكمة التنفيذ بالمدينة المنورة
H10: معتمد مالياً | J10: محكمة التنفيذ بأبها
A11: 🎯 حدود التصنيف الائتماني | H11: مكتمل | J11: محكمة التنفيذ بتبوك
A12: التصنيف | B12: الحد الأدنى | C12: الحد الأقصى | D12: اللون | H12: مرفوض | J12: محكمة التنفيذ بحائل
A13: A - مؤهل | B13: 85 | C13: 105 | D13: 27AE60 | J13: محكمة التنفيذ بالقصيم
A14: B - مؤهل بتحفظ | B14: 70 | C14: 84 | D14: F39C12 | J14: محكمة التنفيذ بالطائف
A15: C - يحتاج استثناء | B15: 55 | C15: 69 | D15: E67E22
A16: D - مرفوض | B16: 0 | C16: 54 | D16: E74C3C
